"model_id","crps","energy_score","variogram_score","crps_peak_week","crps_peak_intensity","crps_cumulative","crps_time_above","rank_crps","rank_energy_score","rank_variogram_score","rank_crps_peak_week","rank_crps_peak_intensity","rank_crps_cumulative","rank_crps_time_above"
"D_calibrated",25.2476046093666,110.817168321809,208.324528594618,0.160904,39.8955609965977,209.912111874056,0.000296,1,1,1,2,2,1,1
"Bp_symmetric_shift",147.444339300497,586.443078213223,5783.77850612891,0.598539999999999,45.8059850457815,723.702661324251,0.671843999999998,2,2,4,6,3,3,3
"A_hedger_coherent",182.124859418118,682.33370242598,305.16142244106,0.148024,254.439594538301,2172.89846378046,0.551936,3,3,2,1,4,4,2
"A_hedger_iid",187.938305045643,840.876062930139,17413.626406514,0.465084,902.572800090577,699.154703626009,0.918664,4,4,7,5,7,2,4
"B_sharp_mistimed",322.198026566567,1261.12973654838,12568.7128134903,1.468544,39.4825742122793,2418.68990877804,1.537276,5,5,6,7,1,5,5
"Cp_wide_biased",354.132610554234,1340.01886279201,6524.8747173553,0.24034,451.349162599362,4237.15611811251,1.957736,6,6,5,3,5,6,7
"C_sharp_biased",492.729398593985,1842.66631320849,5110.07164011561,0.242668,652.172911103676,6123.75127062207,1.833048,7,7,3,4,6,7,6
